episode_reward_max,episode_reward_min,episode_reward_mean,episode_len_mean,episodes_this_iter,num_healthy_workers,timesteps_total,timesteps_this_iter,agent_timesteps_total,done,episodes_total,training_iteration,trial_id,experiment_id,date,timestamp,time_this_iter_s,time_total_s,pid,hostname,node_ip,time_since_restore,timesteps_since_restore,iterations_since_restore,hist_stats/episode_reward,hist_stats/episode_lengths,timers/learn_time_ms,timers/learn_throughput,info/num_steps_sampled,info/num_agent_steps_sampled,info/num_steps_trained,info/num_steps_trained_this_iter,perf/cpu_util_percent,perf/ram_util_percent,info/learner/default_policy/learner_stats/allreduce_latency,info/learner/default_policy/learner_stats/bc_loss,info/learner/default_policy/learner_stats/accuracy,info/learner/default_policy/learner_stats/cur_lr,info/learner/default_policy/learner_stats/validation/cross_entropy
nan,nan,nan,nan,0,0,14500,14500,14500,False,0,1,default,97737341c16f41d5838ecdcb0e66e3a0,2023-04-12_23-33-57,1681367637,0.45658302307128906,0.45658302307128906,12512,DESKTOP-F4VQ8OS,127.0.0.1,0.45658302307128906,14500,1,[],[],417.537,34727.463,14500,14500,14500,14500,20.5,83.5,0.0,1.2719442660588,0.6013904185022027,0.0010000000000000005,nan
nan,nan,nan,nan,0,0,29000,14500,29000,False,0,2,default,97737341c16f41d5838ecdcb0e66e3a0,2023-04-12_23-33-58,1681367638,0.4030637741088867,0.8596467971801758,12512,DESKTOP-F4VQ8OS,127.0.0.1,0.8596467971801758,29000,2,[],[],394.796,36727.85,29000,29000,29000,14500,7.7,83.7,0.0,1.1121970055386883,0.604487885462555,0.0010000000000000005,nan
nan,nan,nan,nan,0,0,43500,14500,43500,False,0,3,default,97737341c16f41d5838ecdcb0e66e3a0,2023-04-12_23-33-58,1681367638,0.40166544914245605,1.2613122463226318,12512,DESKTOP-F4VQ8OS,127.0.0.1,1.2613122463226318,43500,3,[],[],387.076,37460.307,43500,43500,43500,14500,,,0.0,1.0529414097643108,0.6079448114932896,0.0010000000000000005,nan
nan,nan,nan,nan,0,0,58000,14500,58000,False,0,4,default,97737341c16f41d5838ecdcb0e66e3a0,2023-04-12_23-33-58,1681367638,0.4080078601837158,1.6693201065063477,12512,DESKTOP-F4VQ8OS,127.0.0.1,1.6693201065063477,58000,4,[],[],384.559,37705.536,58000,58000,58000,14500,7.9,83.7,0.0,1.0190618970320613,0.612051823328245,0.0010000000000000005,nan
nan,nan,nan,nan,0,0,72500,14500,72500,False,0,5,default,97737341c16f41d5838ecdcb0e66e3a0,2023-04-12_23-33-59,1681367639,0.4049992561340332,2.074319362640381,12512,DESKTOP-F4VQ8OS,127.0.0.1,2.074319362640381,72500,5,[],[],382.446,37913.854,72500,72500,72500,14500,,,0.0,0.9996399023459346,0.6093138154382748,0.0010000000000000005,nan
nan,nan,nan,nan,0,0,87000,14500,87000,False,0,6,default,97737341c16f41d5838ecdcb0e66e3a0,2023-04-12_23-33-59,1681367639,0.4089987277984619,2.4833180904388428,12512,DESKTOP-F4VQ8OS,127.0.0.1,2.4833180904388428,87000,6,[],[],381.37,38020.793,87000,87000,87000,14500,9.0,83.7,0.0,0.981264110966401,0.6102927679007274,0.0010000000000000005,nan
nan,nan,nan,nan,0,0,101500,14500,101500,False,0,7,default,97737341c16f41d5838ecdcb0e66e3a0,2023-04-12_23-34-00,1681367640,0.41399431228637695,2.8973124027252197,12512,DESKTOP-F4VQ8OS,127.0.0.1,2.8973124027252197,101500,7,[],[],381.746,37983.376,101500,101500,101500,14500,9.1,83.7,0.0,0.9675054694587438,0.6136043806958303,0.0010000000000000005,nan
nan,nan,nan,nan,0,0,116000,14500,116000,False,0,8,default,97737341c16f41d5838ecdcb0e66e3a0,2023-04-12_23-34-00,1681367640,0.41507577896118164,3.3123881816864014,12512,DESKTOP-F4VQ8OS,127.0.0.1,3.3123881816864014,116000,8,[],[],382.028,37955.358,116000,116000,116000,14500,,,0.0,0.9593946203786371,0.6145145008217395,0.0010000000000000005,nan
nan,nan,nan,nan,0,0,130500,14500,130500,False,0,9,default,97737341c16f41d5838ecdcb0e66e3a0,2023-04-12_23-34-00,1681367640,0.41400885581970215,3.7263970375061035,12512,DESKTOP-F4VQ8OS,127.0.0.1,3.7263970375061035,130500,9,[],[],382.247,37933.596,130500,130500,130500,14500,9.2,83.7,0.0,0.95036791284704,0.6172678047864972,0.0010000000000000005,nan
nan,nan,nan,nan,0,0,145000,14500,145000,False,0,10,default,97737341c16f41d5838ecdcb0e66e3a0,2023-04-12_23-34-01,1681367641,0.46300339698791504,4.1894004344940186,12512,DESKTOP-F4VQ8OS,127.0.0.1,4.1894004344940186,145000,10,[],[],387.222,37446.247,145000,145000,145000,14500,,,0.0,0.9449437236995949,0.6169924743900215,0.0010000000000000005,nan
nan,nan,nan,nan,0,0,159500,14500,159500,False,0,11,default,97737341c16f41d5838ecdcb0e66e3a0,2023-04-12_23-34-01,1681367641,0.49700403213500977,4.686404466629028,12512,DESKTOP-F4VQ8OS,127.0.0.1,4.686404466629028,159500,11,[],[],391.769,37011.644,159500,159500,159500,14500,9.5,83.7,0.0,0.9379050857695189,0.6167171439935457,0.0010000000000000005,nan
nan,nan,nan,nan,0,0,174000,14500,174000,False,0,12,default,97737341c16f41d5838ecdcb0e66e3a0,2023-04-12_23-34-02,1681367642,0.4809997081756592,5.1674041748046875,12512,DESKTOP-F4VQ8OS,127.0.0.1,5.1674041748046875,174000,12,[],[],399.565,36289.501,174000,174000,174000,14500,9.5,83.7,0.0,0.9341870514831879,0.6197304820174162,0.0010000000000000005,nan
nan,nan,nan,nan,0,0,188500,14500,188500,False,0,13,default,97737341c16f41d5838ecdcb0e66e3a0,2023-04-12_23-34-02,1681367642,0.4817988872528076,5.649203062057495,12512,DESKTOP-F4VQ8OS,127.0.0.1,5.649203062057495,188500,13,[],[],407.281,35601.981,188500,188500,188500,14500,10.3,83.7,0.0,0.929058627410082,0.6161817792753816,0.0010000000000000005,nan
nan,nan,nan,nan,0,0,203000,14500,203000,False,0,14,default,97737341c16f41d5838ecdcb0e66e3a0,2023-04-12_23-34-03,1681367643,0.44864654541015625,6.097849607467651,12512,DESKTOP-F4VQ8OS,127.0.0.1,6.097849607467651,203000,14,[],[],411.444,35241.74,203000,203000,203000,14500,,,0.0,0.9251882706969845,0.6216042585309907,0.0010000000000000005,nan
nan,nan,nan,nan,0,0,217500,14500,217500,False,0,15,default,97737341c16f41d5838ecdcb0e66e3a0,2023-04-12_23-34-03,1681367643,0.4585227966308594,6.556372404098511,12512,DESKTOP-F4VQ8OS,127.0.0.1,6.556372404098511,217500,15,[],[],416.597,34805.829,217500,217500,217500,14500,7.4,83.7,0.0,0.9220603785850928,0.6183920704845814,0.0010000000000000005,nan
nan,nan,nan,nan,0,0,232000,14500,232000,False,0,16,default,97737341c16f41d5838ecdcb0e66e3a0,2023-04-12_23-34-04,1681367644,0.4490079879760742,7.005380392074585,12512,DESKTOP-F4VQ8OS,127.0.0.1,7.005380392074585,232000,16,[],[],419.503,34564.713,232000,232000,232000,14500,,,0.0,0.9178690821063676,0.6215736661188402,0.0010000000000000005,nan
nan,nan,nan,nan,0,0,246500,14500,246500,False,0,17,default,97737341c16f41d5838ecdcb0e66e3a0,2023-04-12_23-34-04,1681367644,0.42799949645996094,7.433379888534546,12512,DESKTOP-F4VQ8OS,127.0.0.1,7.433379888534546,246500,17,[],[],420.904,34449.7,246500,246500,246500,14500,8.4,83.8,0.0,0.912618832703729,0.6235392193437148,0.0010000000000000005,nan
nan,nan,nan,nan,0,0,261000,14500,261000,False,0,18,default,97737341c16f41d5838ecdcb0e66e3a0,2023-04-12_23-34-05,1681367645,0.4463834762573242,7.87976336479187,12512,DESKTOP-F4VQ8OS,127.0.0.1,7.87976336479187,261000,18,[],[],424.142,34186.65,261000,261000,261000,14500,10.4,83.7,0.0,0.9129583310450752,0.6211377264119455,0.0010000000000000005,nan
nan,nan,nan,nan,0,0,275500,14500,275500,False,0,19,default,97737341c16f41d5838ecdcb0e66e3a0,2023-04-12_23-34-05,1681367645,0.4450070858001709,8.324770450592041,12512,DESKTOP-F4VQ8OS,127.0.0.1,8.324770450592041,275500,19,[],[],426.742,33978.392,275500,275500,275500,14500,,,0.0,0.9091928485731722,0.6214130568084213,0.0010000000000000005,nan
nan,nan,nan,nan,0,0,290000,14500,290000,False,0,20,default,97737341c16f41d5838ecdcb0e66e3a0,2023-04-12_23-34-06,1681367646,0.4470670223236084,8.77183747291565,12512,DESKTOP-F4VQ8OS,127.0.0.1,8.77183747291565,290000,20,[],[],424.748,34137.87,290000,290000,290000,14500,9.5,83.7,0.0,0.9053965547011287,0.6257112701033706,0.0010000000000000005,nan
nan,nan,nan,nan,0,0,304500,14500,304500,False,0,21,default,97737341c16f41d5838ecdcb0e66e3a0,2023-04-12_23-34-06,1681367646,0.4600081443786621,9.231845617294312,12512,DESKTOP-F4VQ8OS,127.0.0.1,9.231845617294312,304500,21,[],[],420.249,34503.371,304500,304500,304500,14500,8.7,83.8,0.0,0.9040301305607027,0.6230038546255506,0.0010000000000000005,nan
nan,nan,nan,nan,0,0,319000,14500,319000,False,0,22,default,97737341c16f41d5838ecdcb0e66e3a0,2023-04-12_23-34-07,1681367647,0.467517614364624,9.699363231658936,12512,DESKTOP-F4VQ8OS,127.0.0.1,9.699363231658936,319000,22,[],[],418.499,34647.618,319000,319000,319000,14500,,,0.0,0.9010330892869555,0.6260324889867841,0.0010000000000000005,nan
nan,nan,nan,nan,0,0,333500,14500,333500,False,0,23,default,97737341c16f41d5838ecdcb0e66e3a0,2023-04-12_23-34-07,1681367647,0.4354593753814697,10.134822607040405,12512,DESKTOP-F4VQ8OS,127.0.0.1,10.134822607040405,333500,23,[],[],413.471,35068.962,333500,333500,333500,14500,9.8,83.7,0.0,0.9008931465085908,0.6225143783943243,0.0010000000000000005,nan
nan,nan,nan,nan,0,0,348000,14500,348000,False,0,24,default,97737341c16f41d5838ecdcb0e66e3a0,2023-04-12_23-34-07,1681367647,0.4510486125946045,10.58587121963501,12512,DESKTOP-F4VQ8OS,127.0.0.1,10.58587121963501,348000,24,[],[],413.013,35107.863,348000,348000,348000,14500,11.1,83.7,0.0,0.8977893438633318,0.6242351933722979,0.0010000000000000005,nan
nan,nan,nan,nan,0,0,362500,14500,362500,False,0,25,default,97737341c16f41d5838ecdcb0e66e3a0,2023-04-12_23-34-08,1681367648,0.449617862701416,11.035489082336426,12512,DESKTOP-F4VQ8OS,127.0.0.1,11.035489082336426,362500,25,[],[],412.221,35175.27,362500,362500,362500,14500,,,0.0,0.8934153914451599,0.6259636563876652,0.0010000000000000005,nan
nan,nan,nan,nan,0,0,377000,14500,377000,False,0,26,default,97737341c16f41d5838ecdcb0e66e3a0,2023-04-12_23-34-08,1681367648,0.44594621658325195,11.481435298919678,12512,DESKTOP-F4VQ8OS,127.0.0.1,11.481435298919678,377000,26,[],[],411.01,35278.955,377000,377000,377000,14500,8.6,83.7,0.0,0.8916888173981385,0.6275085657178567,0.0010000000000000005,nan
nan,nan,nan,nan,0,0,391500,14500,391500,False,0,27,default,97737341c16f41d5838ecdcb0e66e3a0,2023-04-12_23-34-09,1681367649,0.4389944076538086,11.920429706573486,12512,DESKTOP-F4VQ8OS,127.0.0.1,11.920429706573486,391500,27,[],[],411.91,35201.89,391500,391500,391500,14500,,,0.0,0.889780822829528,0.6287322564272103,0.0010000000000000005,nan
nan,nan,nan,nan,0,0,406000,14500,406000,False,0,28,default,97737341c16f41d5838ecdcb0e66e3a0,2023-04-12_23-34-09,1681367649,0.4300057888031006,12.350435495376587,12512,DESKTOP-F4VQ8OS,127.0.0.1,12.350435495376587,406000,28,[],[],409.971,35368.351,406000,406000,406000,14500,8.3,83.8,0.0,0.8883031021130767,0.6286328316785166,0.0010000000000000005,nan
nan,nan,nan,nan,0,0,420500,14500,420500,False,0,29,default,97737341c16f41d5838ecdcb0e66e3a0,2023-04-12_23-34-10,1681367650,0.4389925003051758,12.789427995681763,12512,DESKTOP-F4VQ8OS,127.0.0.1,12.789427995681763,420500,29,[],[],408.871,35463.491,420500,420500,420500,14500,9.6,83.7,0.0,0.8887370247147682,0.6296347282531503,0.0010000000000000005,nan
nan,nan,nan,nan,0,0,435000,14500,435000,False,0,30,default,97737341c16f41d5838ecdcb0e66e3a0,2023-04-12_23-34-10,1681367650,0.4379434585571289,13.227371454238892,12512,DESKTOP-F4VQ8OS,127.0.0.1,13.227371454238892,435000,30,[],[],408.165,35524.812,435000,435000,435000,14500,,,0.0,0.8848618111421358,0.627638582878701,0.0010000000000000005,nan
nan,nan,nan,nan,0,0,449500,14500,449500,False,0,31,default,97737341c16f41d5838ecdcb0e66e3a0,2023-04-12_23-34-11,1681367651,0.4465365409851074,13.673907995223999,12512,DESKTOP-F4VQ8OS,127.0.0.1,13.673907995223999,449500,31,[],[],407.317,35598.799,449500,449500,449500,14500,9.3,83.7,0.0,0.8815756222224971,0.6274397331187378,0.0010000000000000005,nan
nan,nan,nan,nan,0,0,464000,14500,464000,False,0,32,default,97737341c16f41d5838ecdcb0e66e3a0,2023-04-12_23-34-11,1681367651,0.44600415229797363,14.119912147521973,12512,DESKTOP-F4VQ8OS,127.0.0.1,14.119912147521973,464000,32,[],[],404.557,35841.702,464000,464000,464000,14500,8.2,83.8,0.0,0.8806270206027094,0.6285869431915787,0.0010000000000000005,nan
nan,nan,nan,nan,0,0,478500,14500,478500,False,0,33,default,97737341c16f41d5838ecdcb0e66e3a0,2023-04-12_23-34-11,1681367651,0.4596247673034668,14.57953691482544,12512,DESKTOP-F4VQ8OS,127.0.0.1,14.57953691482544,478500,33,[],[],406.767,35646.934,478500,478500,478500,14500,,,0.0,0.8794331348414989,0.6269426088501179,0.0010000000000000005,nan
nan,nan,nan,nan,0,0,493000,14500,493000,False,0,34,default,97737341c16f41d5838ecdcb0e66e3a0,2023-04-12_23-34-12,1681367652,0.44648313522338867,15.026020050048828,12512,DESKTOP-F4VQ8OS,127.0.0.1,15.026020050048828,493000,34,[],[],406.817,35642.584,493000,493000,493000,14500,9.2,83.8,0.0,0.8767386094589066,0.6285181105924598,0.0010000000000000005,nan
nan,nan,nan,nan,0,0,507500,14500,507500,False,0,35,default,97737341c16f41d5838ecdcb0e66e3a0,2023-04-12_23-34-12,1681367652,0.4479997158050537,15.474019765853882,12512,DESKTOP-F4VQ8OS,127.0.0.1,15.474019765853882,507500,35,[],[],406.455,35674.296,507500,507500,507500,14500,8.7,83.8,0.0,0.8763762547056055,0.633359336642967,0.0010000000000000005,nan
nan,nan,nan,nan,0,0,522000,14500,522000,False,0,36,default,97737341c16f41d5838ecdcb0e66e3a0,2023-04-12_23-34-13,1681367653,0.4820389747619629,15.956058740615845,12512,DESKTOP-F4VQ8OS,127.0.0.1,15.956058740615845,522000,36,[],[],411.172,35265.059,522000,522000,522000,14500,,,0.0,0.8737027834165464,0.6313173030441553,0.0010000000000000005,nan
nan,nan,nan,nan,0,0,536500,14500,536500,False,0,37,default,97737341c16f41d5838ecdcb0e66e3a0,2023-04-12_23-34-13,1681367653,0.4531288146972656,16.40918755531311,12512,DESKTOP-F4VQ8OS,127.0.0.1,16.40918755531311,536500,37,[],[],411.887,35203.791,536500,536500,536500,14500,11.4,83.8,0.0,0.870527674710698,0.6309272515616228,0.0010000000000000005,nan
nan,nan,nan,nan,0,0,551000,14500,551000,False,0,38,default,97737341c16f41d5838ecdcb0e66e3a0,2023-04-12_23-34-14,1681367654,0.45194053649902344,16.861128091812134,12512,DESKTOP-F4VQ8OS,127.0.0.1,16.861128091812134,551000,38,[],[],413.288,35084.487,551000,551000,551000,14500,9.4,83.7,0.0,0.8711971076049468,0.6304683674799714,0.0010000000000000005,nan
nan,nan,nan,nan,0,0,565500,14500,565500,False,0,39,default,97737341c16f41d5838ecdcb0e66e3a0,2023-04-12_23-34-14,1681367654,0.45699596405029297,17.318124055862427,12512,DESKTOP-F4VQ8OS,127.0.0.1,17.318124055862427,565500,39,[],[],414.582,34975.0,565500,565500,565500,14500,,,0.0,0.8687322670142557,0.6330687101717037,0.0010000000000000005,nan
nan,nan,nan,nan,0,0,580000,14500,580000,False,0,40,default,97737341c16f41d5838ecdcb0e66e3a0,2023-04-12_23-34-15,1681367655,0.4510025978088379,17.769126653671265,12512,DESKTOP-F4VQ8OS,127.0.0.1,17.769126653671265,580000,40,[],[],414.982,34941.274,580000,580000,580000,14500,9.6,83.7,0.0,0.8681892823542793,0.635539035702592,0.0010000000000000005,nan
nan,nan,nan,nan,0,0,594500,14500,594500,False,0,41,default,97737341c16f41d5838ecdcb0e66e3a0,2023-04-12_23-34-15,1681367655,0.44600677490234375,18.21513342857361,12512,DESKTOP-F4VQ8OS,127.0.0.1,18.21513342857361,594500,41,[],[],414.93,34945.639,594500,594500,594500,14500,,,0.0,0.8667170103426022,0.6317073542641123,0.0010000000000000005,nan
nan,nan,nan,nan,0,0,609000,14500,609000,False,0,42,default,97737341c16f41d5838ecdcb0e66e3a0,2023-04-12_23-34-16,1681367656,0.45599961280822754,18.671133041381836,12512,DESKTOP-F4VQ8OS,127.0.0.1,18.671133041381836,609000,42,[],[],416.139,34844.144,609000,609000,609000,14500,9.6,83.8,0.0,0.8638391862356716,0.6345983234271079,0.0010000000000000005,nan
nan,nan,nan,nan,0,0,623500,14500,623500,False,0,43,default,97737341c16f41d5838ecdcb0e66e3a0,2023-04-12_23-34-16,1681367656,0.4751002788543701,19.146233320236206,12512,DESKTOP-F4VQ8OS,127.0.0.1,19.146233320236206,623500,43,[],[],418.387,34656.947,623500,623500,623500,14500,8.7,83.8,0.0,0.8614907795112039,0.6360438080086057,0.0010000000000000005,nan
nan,nan,nan,nan,0,0,638000,14500,638000,False,0,44,default,97737341c16f41d5838ecdcb0e66e3a0,2023-04-12_23-34-17,1681367657,0.4362986087799072,19.582531929016113,12512,DESKTOP-F4VQ8OS,127.0.0.1,19.582531929016113,638000,44,[],[],416.461,34817.222,638000,638000,638000,14500,,,0.0,0.8605699384265009,0.6321968307579141,0.0010000000000000005,nan
nan,nan,nan,nan,0,0,652500,14500,652500,False,0,45,default,97737341c16f41d5838ecdcb0e66e3a0,2023-04-12_23-34-17,1681367657,0.44506192207336426,20.027593851089478,12512,DESKTOP-F4VQ8OS,127.0.0.1,20.027593851089478,652500,45,[],[],415.461,34900.958,652500,652500,652500,14500,8.9,83.7,0.0,0.8615481585658069,0.6372445546057781,0.0010000000000000005,nan
nan,nan,nan,nan,0,0,667000,14500,667000,False,0,46,default,97737341c16f41d5838ecdcb0e66e3a0,2023-04-12_23-34-17,1681367657,0.4250071048736572,20.452600955963135,12512,DESKTOP-F4VQ8OS,127.0.0.1,20.452600955963135,667000,46,[],[],410.751,35301.22,667000,667000,667000,14500,7.4,83.8,0.0,0.858523124377633,0.6345294908279889,0.0010000000000000005,nan
nan,nan,nan,nan,0,0,681500,14500,681500,False,0,47,default,97737341c16f41d5838ecdcb0e66e3a0,2023-04-12_23-34-18,1681367658,0.46364784240722656,20.91624879837036,12512,DESKTOP-F4VQ8OS,127.0.0.1,20.91624879837036,681500,47,[],[],412.102,35185.431,681500,681500,681500,14500,,,0.0,0.856862643216675,0.6363956193041697,0.0010000000000000005,nan
nan,nan,nan,nan,0,0,696000,14500,696000,False,0,48,default,97737341c16f41d5838ecdcb0e66e3a0,2023-04-12_23-34-18,1681367658,0.48306918144226074,21.399317979812622,12512,DESKTOP-F4VQ8OS,127.0.0.1,21.399317979812622,696000,48,[],[],415.108,34930.67,696000,696000,696000,14500,9.0,83.8,0.0,0.85524545288296,0.6347512849627087,0.0010000000000000005,nan
nan,nan,nan,nan,0,0,710500,14500,710500,False,0,49,default,97737341c16f41d5838ecdcb0e66e3a0,2023-04-12_23-34-19,1681367659,0.44000816345214844,21.83932614326477,12512,DESKTOP-F4VQ8OS,127.0.0.1,21.83932614326477,710500,49,[],[],414.715,34963.74,710500,710500,710500,14500,9.5,83.7,0.0,0.8544197801976477,0.6340859030837004,0.0010000000000000005,nan
nan,nan,nan,nan,0,0,725000,14500,725000,False,0,50,default,97737341c16f41d5838ecdcb0e66e3a0,2023-04-12_23-34-19,1681367659,0.445995569229126,22.285321712493896,12512,DESKTOP-F4VQ8OS,127.0.0.1,22.285321712493896,725000,50,[],[],414.314,34997.584,725000,725000,725000,14500,,,0.0,0.8549370103995706,0.6341853278323942,0.0010000000000000005,nan
nan,nan,nan,nan,0,0,739500,14500,739500,False,0,51,default,97737341c16f41d5838ecdcb0e66e3a0,2023-04-12_23-34-20,1681367660,0.4389767646789551,22.72429847717285,12512,DESKTOP-F4VQ8OS,127.0.0.1,22.72429847717285,739500,51,[],[],414.121,35013.908,739500,739500,739500,14500,8.8,83.7,0.0,0.8504670005012714,0.6356155163391046,0.0010000000000000005,nan
nan,nan,nan,nan,0,0,754000,14500,754000,False,0,52,default,97737341c16f41d5838ecdcb0e66e3a0,2023-04-12_23-34-20,1681367660,0.4560544490814209,23.180352926254272,12512,DESKTOP-F4VQ8OS,127.0.0.1,23.180352926254272,754000,52,[],[],413.227,35089.69,754000,754000,754000,14500,9.7,83.8,0.0,0.8508267231974833,0.6361661771320561,0.0010000000000000005,nan
nan,nan,nan,nan,0,0,768500,14500,768500,False,0,53,default,97737341c16f41d5838ecdcb0e66e3a0,2023-04-12_23-34-21,1681367661,0.43492770195007324,23.615280628204346,12512,DESKTOP-F4VQ8OS,127.0.0.1,23.615280628204346,768500,53,[],[],408.816,35468.25,768500,768500,768500,14500,,,0.0,0.8502852105359149,0.6373516273918656,0.0010000000000000005,nan
nan,nan,nan,nan,0,0,783000,14500,783000,False,0,54,default,97737341c16f41d5838ecdcb0e66e3a0,2023-04-12_23-34-21,1681367661,0.4370081424713135,24.05228877067566,12512,DESKTOP-F4VQ8OS,127.0.0.1,24.05228877067566,783000,54,[],[],409.887,35375.572,783000,783000,783000,14500,10.3,83.8,0.0,0.8464209899503229,0.6364568036033194,0.0010000000000000005,nan
nan,nan,nan,nan,0,0,797500,14500,797500,False,0,55,default,97737341c16f41d5838ecdcb0e66e3a0,2023-04-12_23-34-22,1681367662,0.4268307685852051,24.479119539260864,12512,DESKTOP-F4VQ8OS,127.0.0.1,24.479119539260864,797500,55,[],[],409.171,35437.522,797500,797500,797500,14500,,,0.0,0.8469678515379649,0.637948176671755,0.0010000000000000005,nan
nan,nan,nan,nan,0,0,812000,14500,812000,False,0,56,default,97737341c16f41d5838ecdcb0e66e3a0,2023-04-12_23-34-22,1681367662,0.4560697078704834,24.935189247131348,12512,DESKTOP-F4VQ8OS,127.0.0.1,24.935189247131348,812000,56,[],[],412.076,35187.643,812000,812000,812000,14500,7.7,83.8,0.0,0.8460606470507147,0.6392636440924085,0.0010000000000000005,nan
nan,nan,nan,nan,0,0,826500,14500,826500,False,0,57,default,97737341c16f41d5838ecdcb0e66e3a0,2023-04-12_23-34-22,1681367662,0.44492578506469727,25.380115032196045,12512,DESKTOP-F4VQ8OS,127.0.0.1,25.380115032196045,826500,57,[],[],410.609,35313.428,826500,826500,826500,14500,8.5,83.8,0.0,0.843804884849666,0.6409079784338695,0.0010000000000000005,nan
nan,nan,nan,nan,0,0,841000,14500,841000,False,0,58,default,97737341c16f41d5838ecdcb0e66e3a0,2023-04-12_23-34-23,1681367663,0.44499874114990234,25.825113773345947,12512,DESKTOP-F4VQ8OS,127.0.0.1,25.825113773345947,841000,58,[],[],407.801,35556.516,841000,841000,841000,14500,,,0.0,0.8444882195426504,0.6379558247091487,0.0010000000000000005,nan
nan,nan,nan,nan,0,0,855500,14500,855500,False,0,59,default,97737341c16f41d5838ecdcb0e66e3a0,2023-04-12_23-34-23,1681367663,0.4929971694946289,26.318110942840576,12512,DESKTOP-F4VQ8OS,127.0.0.1,26.318110942840576,855500,59,[],[],411.901,35202.675,855500,855500,855500,14500,9.6,83.8,0.0,0.843189518094588,0.635202520744391,0.0010000000000000005,nan
nan,nan,nan,nan,0,0,870000,14500,870000,False,0,60,default,97737341c16f41d5838ecdcb0e66e3a0,2023-04-12_23-34-24,1681367664,0.45108819007873535,26.76919913291931,12512,DESKTOP-F4VQ8OS,127.0.0.1,26.76919913291931,870000,60,[],[],413.107,35099.866,870000,870000,870000,14500,8.8,83.7,0.0,0.8406722348692134,0.6383688203038623,0.0010000000000000005,nan
nan,nan,nan,nan,0,0,884500,14500,884500,False,0,61,default,97737341c16f41d5838ecdcb0e66e3a0,2023-04-12_23-34-24,1681367664,0.4389984607696533,27.208197593688965,12512,DESKTOP-F4VQ8OS,127.0.0.1,27.208197593688965,884500,61,[],[],413.3,35083.51,884500,884500,884500,14500,,,0.0,0.840984697383931,0.6374892925901035,0.0010000000000000005,nan
nan,nan,nan,nan,0,0,899000,14500,899000,False,0,62,default,97737341c16f41d5838ecdcb0e66e3a0,2023-04-12_23-34-25,1681367665,0.4519994258880615,27.660197019577026,12512,DESKTOP-F4VQ8OS,127.0.0.1,27.660197019577026,899000,62,[],[],413.995,35024.597,899000,899000,899000,14500,6.8,83.7,0.0,0.8411015778911272,0.6358831986981867,0.0010000000000000005,nan
nan,nan,nan,nan,0,0,913500,14500,913500,False,0,63,default,97737341c16f41d5838ecdcb0e66e3a0,2023-04-12_23-34-25,1681367665,0.4660000801086426,28.12619709968567,12512,DESKTOP-F4VQ8OS,127.0.0.1,28.12619709968567,913500,63,[],[],417.296,34747.529,913500,913500,913500,14500,10.1,83.8,0.0,0.8370882960668219,0.6410609397068948,0.0010000000000000005,nan
nan,nan,nan,nan,0,0,928000,14500,928000,False,0,64,default,97737341c16f41d5838ecdcb0e66e3a0,2023-04-12_23-34-26,1681367666,0.4519991874694824,28.57819628715515,12512,DESKTOP-F4VQ8OS,127.0.0.1,28.57819628715515,928000,64,[],[],417.892,34698.0,928000,928000,928000,14500,,,0.0,0.8372175693511963,0.6429882524822252,0.0010000000000000005,nan
nan,nan,nan,nan,0,0,942500,14500,942500,False,0,65,default,97737341c16f41d5838ecdcb0e66e3a0,2023-04-12_23-34-26,1681367666,0.43100786209106445,29.009204149246216,12512,DESKTOP-F4VQ8OS,127.0.0.1,29.009204149246216,942500,65,[],[],418.208,34671.736,942500,942500,942500,14500,7.2,83.8,0.0,0.8361976663971787,0.6426287934118431,0.0010000000000000005,nan
nan,nan,nan,nan,0,0,957000,14500,957000,False,0,66,default,97737341c16f41d5838ecdcb0e66e3a0,2023-04-12_23-34-27,1681367667,0.4389984607696533,29.44820261001587,12512,DESKTOP-F4VQ8OS,127.0.0.1,29.44820261001587,957000,66,[],[],416.903,34780.305,957000,957000,957000,14500,9.2,83.7,0.0,0.8346101119129669,0.6391565713063211,0.0010000000000000005,nan
nan,nan,nan,nan,0,0,971500,14500,971500,False,0,67,default,97737341c16f41d5838ecdcb0e66e3a0,2023-04-12_23-34-27,1681367667,0.45900702476501465,29.907209634780884,12512,DESKTOP-F4VQ8OS,127.0.0.1,29.907209634780884,971500,67,[],[],417.503,34730.307,971500,971500,971500,14500,,,0.0,0.8335498335077899,0.6406708884869378,0.0010000000000000005,nan
nan,nan,nan,nan,0,0,986000,14500,986000,False,0,68,default,97737341c16f41d5838ecdcb0e66e3a0,2023-04-12_23-34-27,1681367667,0.4480597972869873,30.35526943206787,12512,DESKTOP-F4VQ8OS,127.0.0.1,30.35526943206787,986000,68,[],[],417.41,34738.054,986000,986000,986000,14500,6.5,83.7,0.0,0.8302919247602051,0.6398525453349042,0.0010000000000000005,nan
nan,nan,nan,nan,0,0,1000500,14500,1000500,False,0,69,default,97737341c16f41d5838ecdcb0e66e3a0,2023-04-12_23-34-28,1681367668,0.45499634742736816,30.81026577949524,12512,DESKTOP-F4VQ8OS,127.0.0.1,30.81026577949524,1000500,69,[],[],414.91,34947.364,1000500,1000500,1000500,14500,,,0.0,0.8316089973050592,0.6402425965548612,0.0010000000000000005,nan
nan,nan,nan,nan,0,0,1015000,14500,1015000,False,0,70,default,97737341c16f41d5838ecdcb0e66e3a0,2023-04-12_23-34-28,1681367668,0.4345684051513672,31.244834184646606,12512,DESKTOP-F4VQ8OS,127.0.0.1,31.244834184646606,1015000,70,[],[],413.061,35103.794,1015000,1015000,1015000,14500,8.3,83.8,0.0,0.830458340928418,0.6422693343414609,0.0010000000000000005,nan
nan,nan,nan,nan,0,0,1029500,14500,1029500,False,0,71,default,97737341c16f41d5838ecdcb0e66e3a0,2023-04-12_23-34-29,1681367669,0.4640042781829834,31.70883846282959,12512,DESKTOP-F4VQ8OS,127.0.0.1,31.70883846282959,1029500,71,[],[],414.96,34943.137,1029500,1029500,1029500,14500,9.8,83.7,0.0,0.8281654135246109,0.6416651370241778,0.0010000000000000005,nan
nan,nan,nan,nan,0,0,1044000,14500,1044000,False,0,72,default,97737341c16f41d5838ecdcb0e66e3a0,2023-04-12_23-34-29,1681367669,0.4650704860687256,32.173908948898315,12512,DESKTOP-F4VQ8OS,127.0.0.1,32.173908948898315,1044000,72,[],[],416.457,34817.527,1044000,1044000,1044000,14500,,,0.0,0.8278595524212338,0.6426287934118431,0.0010000000000000005,nan
nan,nan,nan,nan,0,0,1058500,14500,1058500,False,0,73,default,97737341c16f41d5838ecdcb0e66e3a0,2023-04-12_23-34-30,1681367670,0.42794275283813477,32.60185170173645,12512,DESKTOP-F4VQ8OS,127.0.0.1,32.60185170173645,1058500,73,[],[],413.056,35104.177,1058500,1058500,1058500,14500,8.8,83.7,0.0,0.8272297589789404,0.6448314365836492,0.0010000000000000005,nan
nan,nan,nan,nan,0,0,1073000,14500,1073000,False,0,74,default,97737341c16f41d5838ecdcb0e66e3a0,2023-04-12_23-34-30,1681367670,0.43152523040771484,33.033376932144165,12512,DESKTOP-F4VQ8OS,127.0.0.1,33.033376932144165,1073000,74,[],[],411.813,35210.152,1073000,1073000,1073000,14500,7.6,83.8,0.0,0.8280193695412859,0.6423534630153673,0.0010000000000000005,nan
nan,nan,nan,nan,0,0,1087500,14500,1087500,False,0,75,default,97737341c16f41d5838ecdcb0e66e3a0,2023-04-12_23-34-31,1681367671,0.43607544898986816,33.46945238113403,12512,DESKTOP-F4VQ8OS,127.0.0.1,33.46945238113403,1087500,75,[],[],412.318,35167.044,1087500,1087500,1087500,14500,,,0.0,0.8238821407771846,0.6436842265108084,0.0010000000000000005,nan
nan,nan,nan,nan,0,0,1102000,14500,1102000,False,0,76,default,97737341c16f41d5838ecdcb0e66e3a0,2023-04-12_23-34-31,1681367671,0.44951415061950684,33.91896653175354,12512,DESKTOP-F4VQ8OS,127.0.0.1,33.91896653175354,1102000,76,[],[],412.069,35188.309,1102000,1102000,1102000,14500,8.5,83.8,0.0,0.823929027838854,0.6421316691432231,0.0010000000000000005,nan
nan,nan,nan,nan,0,0,1116500,14500,1116500,False,0,77,default,97737341c16f41d5838ecdcb0e66e3a0,2023-04-12_23-34-32,1681367672,0.43399953842163086,34.35296607017517,12512,DESKTOP-F4VQ8OS,127.0.0.1,34.35296607017517,1116500,77,[],[],409.462,35412.311,1116500,1116500,1116500,14500,8.1,83.8,0.0,0.8231402052656669,0.6394166053654339,0.0010000000000000005,nan
nan,nan,nan,nan,0,0,1131000,14500,1131000,False,0,78,default,97737341c16f41d5838ecdcb0e66e3a0,2023-04-12_23-34-32,1681367672,0.4750080108642578,34.82797408103943,12512,DESKTOP-F4VQ8OS,127.0.0.1,34.82797408103943,1131000,78,[],[],412.256,35172.324,1131000,1131000,1131000,14500,,,0.0,0.822379046862346,0.6440283895064031,0.0010000000000000005,nan
nan,nan,nan,nan,0,0,1145500,14500,1145500,False,0,79,default,97737341c16f41d5838ecdcb0e66e3a0,2023-04-12_23-34-32,1681367672,0.45400094985961914,35.28197503089905,12512,DESKTOP-F4VQ8OS,127.0.0.1,35.28197503089905,1145500,79,[],[],412.057,35189.305,1145500,1145500,1145500,14500,8.4,83.8,0.0,0.8204909300489047,0.6446249387862923,0.0010000000000000005,nan
nan,nan,nan,nan,0,0,1160000,14500,1160000,False,0,80,default,97737341c16f41d5838ecdcb0e66e3a0,2023-04-12_23-34-33,1681367673,0.4549846649169922,35.73695969581604,12512,DESKTOP-F4VQ8OS,127.0.0.1,35.73695969581604,1160000,80,[],[],414.501,34981.846,1160000,1160000,1160000,14500,,,0.0,0.8193879295550779,0.6434471365638766,0.0010000000000000005,nan
nan,nan,nan,nan,0,0,1174500,14500,1174500,False,0,81,default,97737341c16f41d5838ecdcb0e66e3a0,2023-04-12_23-34-33,1681367673,0.4419996738433838,36.178959369659424,12512,DESKTOP-F4VQ8OS,127.0.0.1,36.178959369659424,1174500,81,[],[],412.801,35125.871,1174500,1174500,1174500,14500,8.1,83.8,0.0,0.8198568429715833,0.6459098140573711,0.0010000000000000005,nan
nan,nan,nan,nan,0,0,1189000,14500,1189000,False,0,82,default,97737341c16f41d5838ecdcb0e66e3a0,2023-04-12_23-34-34,1681367674,0.4650123119354248,36.64397168159485,12512,DESKTOP-F4VQ8OS,127.0.0.1,36.64397168159485,1189000,82,[],[],412.702,35134.27,1189000,1189000,1189000,14500,9.1,83.7,0.0,0.8192623486077732,0.6455656510617764,0.0010000000000000005,nan
nan,nan,nan,nan,0,0,1203500,14500,1203500,False,0,83,default,97737341c16f41d5838ecdcb0e66e3a0,2023-04-12_23-34-34,1681367674,0.46349024772644043,37.10746192932129,12512,DESKTOP-F4VQ8OS,127.0.0.1,37.10746192932129,1203500,83,[],[],415.951,34859.884,1203500,1203500,1203500,14500,,,0.0,0.8173549721419548,0.6466975647972544,0.0010000000000000005,nan
nan,nan,nan,nan,0,0,1218000,14500,1218000,False,0,84,default,97737341c16f41d5838ecdcb0e66e3a0,2023-04-12_23-34-35,1681367675,0.45092320442199707,37.558385133743286,12512,DESKTOP-F4VQ8OS,127.0.0.1,37.558385133743286,1218000,84,[],[],416.893,34781.102,1218000,1218000,1218000,14500,9.9,83.4,0.0,0.8180399781281728,0.6412062530738142,0.0010000000000000005,nan
nan,nan,nan,nan,0,0,1232500,14500,1232500,False,0,85,default,97737341c16f41d5838ecdcb0e66e3a0,2023-04-12_23-34-35,1681367675,0.4555227756500244,38.01390790939331,12512,DESKTOP-F4VQ8OS,127.0.0.1,38.01390790939331,1232500,85,[],[],418.741,34627.642,1232500,1232500,1232500,14500,8.8,83.4,0.0,0.8150763259585209,0.645106766980125,0.0010000000000000005,nan
nan,nan,nan,nan,0,0,1247000,14500,1247000,False,0,86,default,97737341c16f41d5838ecdcb0e66e3a0,2023-04-12_23-34-36,1681367676,0.45999956130981445,38.473907470703125,12512,DESKTOP-F4VQ8OS,127.0.0.1,38.473907470703125,1247000,86,[],[],420.19,34508.216,1247000,1247000,1247000,14500,,,0.0,0.8136492618380139,0.6443725525019978,0.0010000000000000005,nan
nan,nan,nan,nan,0,0,1261500,14500,1261500,False,0,87,default,97737341c16f41d5838ecdcb0e66e3a0,2023-04-12_23-34-36,1681367676,0.47200775146484375,38.94591522216797,12512,DESKTOP-F4VQ8OS,127.0.0.1,38.94591522216797,1261500,87,[],[],424.798,34133.87,1261500,1261500,1261500,14500,10.0,83.4,0.0,0.8133588664332151,0.6471564488789059,0.0010000000000000005,nan
nan,nan,nan,nan,0,0,1276000,14500,1276000,False,0,88,default,97737341c16f41d5838ecdcb0e66e3a0,2023-04-12_23-34-37,1681367677,0.42415499687194824,39.37007021903992,12512,DESKTOP-F4VQ8OS,127.0.0.1,39.37007021903992,1276000,88,[],[],420.015,34522.618,1276000,1276000,1276000,14500,10.0,83.4,0.0,0.8130785405373259,0.6483801395882594,0.0010000000000000005,nan
nan,nan,nan,nan,0,0,1290500,14500,1290500,False,0,89,default,97737341c16f41d5838ecdcb0e66e3a0,2023-04-12_23-34-37,1681367677,0.4369997978210449,39.80707001686096,12512,DESKTOP-F4VQ8OS,127.0.0.1,39.80707001686096,1290500,89,[],[],418.413,34654.73,1290500,1290500,1290500,14500,,,0.0,0.8109413369636703,0.6501697871653519,0.0010000000000000005,nan
nan,nan,nan,nan,0,0,1305000,14500,1305000,False,0,90,default,97737341c16f41d5838ecdcb0e66e3a0,2023-04-12_23-34-38,1681367678,0.48105502128601074,40.28812503814697,12512,DESKTOP-F4VQ8OS,127.0.0.1,40.28812503814697,1305000,90,[],[],420.012,34522.802,1305000,1305000,1305000,14500,9.7,83.4,0.0,0.8124876087982749,0.6452903206653007,0.0010000000000000005,nan
nan,nan,nan,nan,0,0,1319500,14500,1319500,False,0,91,default,97737341c16f41d5838ecdcb0e66e3a0,2023-04-12_23-34-38,1681367678,0.4559440612792969,40.74406909942627,12512,DESKTOP-F4VQ8OS,127.0.0.1,40.74406909942627,1319500,91,[],[],420.818,34456.662,1319500,1319500,1319500,14500,7.9,83.4,0.0,0.8112784760639006,0.6457339084095892,0.0010000000000000005,nan
nan,nan,nan,nan,0,0,1334000,14500,1334000,False,0,92,default,97737341c16f41d5838ecdcb0e66e3a0,2023-04-12_23-34-38,1681367678,0.43995070457458496,41.184019804000854,12512,DESKTOP-F4VQ8OS,127.0.0.1,41.184019804000854,1334000,92,[],[],419.013,34605.134,1334000,1334000,1334000,14500,,,0.0,0.8097044402807294,0.6483266030639279,0.0010000000000000005,nan
nan,nan,nan,nan,0,0,1348500,14500,1348500,False,0,93,default,97737341c16f41d5838ecdcb0e66e3a0,2023-04-12_23-34-39,1681367679,0.4375901222229004,41.621609926223755,12512,DESKTOP-F4VQ8OS,127.0.0.1,41.621609926223755,1348500,93,[],[],415.624,34887.326,1348500,1348500,1348500,14500,9.4,83.4,0.0,0.8105759796592107,0.6448543806958303,0.0010000000000000005,nan
nan,nan,nan,nan,0,0,1363000,14500,1363000,False,0,94,default,97737341c16f41d5838ecdcb0e66e3a0,2023-04-12_23-34-39,1681367679,0.45400428771972656,42.07561421394348,12512,DESKTOP-F4VQ8OS,127.0.0.1,42.07561421394348,1363000,94,[],[],416.928,34778.169,1363000,1363000,1363000,14500,7.8,83.4,0.0,0.8074877897548255,0.6460398312182153,0.0010000000000000005,nan
nan,nan,nan,nan,0,0,1377500,14500,1377500,False,0,95,default,97737341c16f41d5838ecdcb0e66e3a0,2023-04-12_23-34-40,1681367680,0.4340059757232666,42.50962018966675,12512,DESKTOP-F4VQ8OS,127.0.0.1,42.50962018966675,1377500,95,[],[],414.577,34975.436,1377500,1377500,1377500,14500,,,0.0,0.807165996093582,0.6481354013413585,0.0010000000000000005,nan
nan,nan,nan,nan,0,0,1392000,14500,1392000,False,0,96,default,97737341c16f41d5838ecdcb0e66e3a0,2023-04-12_23-34-40,1681367680,0.44907188415527344,42.95869207382202,12512,DESKTOP-F4VQ8OS,127.0.0.1,42.95869207382202,1392000,96,[],[],414.175,35009.357,1392000,1392000,1392000,14500,10.4,83.4,0.0,0.8081942024735103,0.6478600709448827,0.0010000000000000005,nan
nan,nan,nan,nan,0,0,1406500,14500,1406500,False,0,97,default,97737341c16f41d5838ecdcb0e66e3a0,2023-04-12_23-34-41,1681367681,0.43700671195983887,43.39569878578186,12512,DESKTOP-F4VQ8OS,127.0.0.1,43.39569878578186,1406500,97,[],[],410.874,35290.617,1406500,1406500,1406500,14500,,,0.0,0.8064140267834264,0.6483036589517467,0.0010000000000000005,nan
nan,nan,nan,nan,0,0,1421000,14500,1421000,False,0,98,default,97737341c16f41d5838ecdcb0e66e3a0,2023-04-12_23-34-41,1681367681,0.48171162605285645,43.87741041183472,12512,DESKTOP-F4VQ8OS,127.0.0.1,43.87741041183472,1421000,98,[],[],415.926,34861.996,1421000,1421000,1421000,14500,11.2,83.4,0.0,0.8059285587676296,0.6459709986190963,0.0010000000000000005,nan
nan,nan,nan,nan,0,0,1435500,14500,1435500,False,0,99,default,97737341c16f41d5838ecdcb0e66e3a0,2023-04-12_23-34-42,1681367682,0.43101024627685547,44.30842065811157,12512,DESKTOP-F4VQ8OS,127.0.0.1,44.30842065811157,1435500,99,[],[],415.032,34937.071,1435500,1435500,1435500,14500,8.5,83.4,0.0,0.8051804238479043,0.6455809471365639,0.0010000000000000005,nan
nan,nan,nan,nan,0,0,1450000,14500,1450000,False,0,100,default,97737341c16f41d5838ecdcb0e66e3a0,2023-04-12_23-34-42,1681367682,0.42105698585510254,44.729477643966675,12512,DESKTOP-F4VQ8OS,127.0.0.1,44.729477643966675,1450000,100,[],[],410.241,35345.116,1450000,1450000,1450000,14500,,,0.0,0.8047295538339321,0.6516305678216371,0.0010000000000000005,nan
nan,nan,nan,nan,0,0,1464500,14500,1464500,False,0,101,default,97737341c16f41d5838ecdcb0e66e3a0,2023-04-12_23-34-43,1681367683,0.4499363899230957,45.17941403388977,12512,DESKTOP-F4VQ8OS,127.0.0.1,45.17941403388977,1464500,101,[],[],410.435,35328.34,1464500,1464500,1464500,14500,8.1,83.4,0.0,0.8048056025337017,0.6444796255506607,0.0010000000000000005,nan
nan,nan,nan,nan,0,0,1479000,14500,1479000,False,0,102,default,97737341c16f41d5838ecdcb0e66e3a0,2023-04-12_23-34-43,1681367683,0.45399999618530273,45.63341403007507,12512,DESKTOP-F4VQ8OS,127.0.0.1,45.63341403007507,1479000,102,[],[],410.742,35301.991,1479000,1479000,1479000,14500,7.5,83.4,0.0,0.8025728844861102,0.6502156753897141,0.0010000000000000005,nan
nan,nan,nan,nan,0,0,1493500,14500,1493500,False,0,103,default,97737341c16f41d5838ecdcb0e66e3a0,2023-04-12_23-34-43,1681367683,0.43605828285217285,46.069472312927246,12512,DESKTOP-F4VQ8OS,127.0.0.1,46.069472312927246,1493500,103,[],[],411.584,35229.716,1493500,1493500,1493500,14500,,,0.0,0.8026413347752609,0.6485713410482533,0.0010000000000000005,nan
nan,nan,nan,nan,0,0,1508000,14500,1508000,False,0,104,default,97737341c16f41d5838ecdcb0e66e3a0,2023-04-12_23-34-44,1681367684,0.43793773651123047,46.50741004943848,12512,DESKTOP-F4VQ8OS,127.0.0.1,46.50741004943848,1508000,104,[],[],410.085,35358.539,1508000,1508000,1508000,14500,7.7,83.3,0.0,0.8007569678029299,0.649519701361131,0.0010000000000000005,nan
nan,nan,nan,nan,0,0,1522500,14500,1522500,False,0,105,default,97737341c16f41d5838ecdcb0e66e3a0,2023-04-12_23-34-44,1681367684,0.42199206352233887,46.929402112960815,12512,DESKTOP-F4VQ8OS,127.0.0.1,46.929402112960815,1522500,105,[],[],409.384,35419.111,1522500,1522500,1522500,14500,,,0.0,0.799932370626979,0.6491143538038111,0.0010000000000000005,nan
nan,nan,nan,nan,0,0,1537000,14500,1537000,False,0,106,default,97737341c16f41d5838ecdcb0e66e3a0,2023-04-12_23-34-45,1681367685,0.4439966678619385,47.373398780822754,12512,DESKTOP-F4VQ8OS,127.0.0.1,47.373398780822754,1537000,106,[],[],408.081,35532.175,1537000,1537000,1537000,14500,8.1,83.3,0.0,0.8000040802661543,0.6475006118745006,0.0010000000000000005,nan
nan,nan,nan,nan,0,0,1551500,14500,1551500,False,0,107,default,97737341c16f41d5838ecdcb0e66e3a0,2023-04-12_23-34-45,1681367685,0.44994091987609863,47.82333970069885,12512,DESKTOP-F4VQ8OS,127.0.0.1,47.82333970069885,1551500,107,[],[],409.379,35419.486,1551500,1551500,1551500,14500,8.2,83.4,0.0,0.8005135080362732,0.6487013582090975,0.0010000000000000005,nan
nan,nan,nan,nan,0,0,1566000,14500,1566000,False,0,108,default,97737341c16f41d5838ecdcb0e66e3a0,2023-04-12_23-34-46,1681367686,0.47009801864624023,48.29343771934509,12512,DESKTOP-F4VQ8OS,127.0.0.1,48.29343771934509,1566000,108,[],[],407.911,35546.962,1566000,1566000,1566000,14500,,,0.0,0.7983031706137804,0.6485713410482533,0.0010000000000000005,nan
nan,nan,nan,nan,0,0,1580500,14500,1580500,False,0,109,default,97737341c16f41d5838ecdcb0e66e3a0,2023-04-12_23-34-46,1681367686,0.43393802642822266,48.727375745773315,12512,DESKTOP-F4VQ8OS,127.0.0.1,48.727375745773315,1580500,109,[],[],408.4,35504.435,1580500,1580500,1580500,14500,8.6,83.3,0.0,0.7980159292662197,0.650100954566233,0.0010000000000000005,nan
nan,nan,nan,nan,0,0,1595000,14500,1595000,False,0,110,default,97737341c16f41d5838ecdcb0e66e3a0,2023-04-12_23-34-47,1681367687,0.4269979000091553,49.15437364578247,12512,DESKTOP-F4VQ8OS,127.0.0.1,49.15437364578247,1595000,110,[],[],408.192,35522.469,1595000,1595000,1595000,14500,8.3,83.4,0.0,0.7954391191184258,0.651164035702592,0.0010000000000000005,nan
nan,nan,nan,nan,0,0,1609500,14500,1609500,False,0,111,default,97737341c16f41d5838ecdcb0e66e3a0,2023-04-12_23-34-47,1681367687,0.48451948165893555,49.638893127441406,12512,DESKTOP-F4VQ8OS,127.0.0.1,49.638893127441406,1609500,111,[],[],410.844,35293.159,1609500,1609500,1609500,14500,,,0.0,0.7968682050704956,0.64818893786569,0.0010000000000000005,nan
nan,nan,nan,nan,0,0,1624000,14500,1624000,False,0,112,default,97737341c16f41d5838ecdcb0e66e3a0,2023-04-12_23-34-48,1681367688,0.579430341720581,50.21832346916199,12512,DESKTOP-F4VQ8OS,127.0.0.1,50.21832346916199,1624000,112,[],[],422.677,34305.154,1624000,1624000,1624000,14500,9.9,83.4,0.0,0.7950101933290254,0.6464451787755353,0.0010000000000000005,nan
nan,nan,nan,nan,0,0,1638500,14500,1638500,False,0,113,default,97737341c16f41d5838ecdcb0e66e3a0,2023-04-12_23-34-48,1681367688,0.6136374473571777,50.831960916519165,12512,DESKTOP-F4VQ8OS,127.0.0.1,50.831960916519165,1638500,113,[],[],439.831,32967.196,1638500,1638500,1638500,14500,12.9,83.6,0.0,0.7949373349219166,0.6487166545464604,0.0010000000000000005,nan
nan,nan,nan,nan,0,0,1653000,14500,1653000,False,0,114,default,97737341c16f41d5838ecdcb0e66e3a0,2023-04-12_23-34-49,1681367689,0.606701135635376,51.43866205215454,12512,DESKTOP-F4VQ8OS,127.0.0.1,51.43866205215454,1653000,114,[],[],455.902,31805.056,1653000,1653000,1653000,14500,11.9,83.5,0.0,0.7941819261349246,0.6506975035835468,0.0010000000000000005,nan
nan,nan,nan,nan,0,0,1667500,14500,1667500,False,0,115,default,97737341c16f41d5838ecdcb0e66e3a0,2023-04-12_23-34-49,1681367689,0.5030851364135742,51.941747188568115,12512,DESKTOP-F4VQ8OS,127.0.0.1,51.941747188568115,1667500,115,[],[],462.21,31370.99,1667500,1667500,1667500,14500,9.9,83.6,0.0,0.7931825468718743,0.6501850832401393,0.0010000000000000005,nan
nan,nan,nan,nan,0,0,1682000,14500,1682000,False,0,116,default,97737341c16f41d5838ecdcb0e66e3a0,2023-04-12_23-34-50,1681367690,0.46901917457580566,52.41076636314392,12512,DESKTOP-F4VQ8OS,127.0.0.1,52.41076636314392,1682000,116,[],[],464.414,31222.128,1682000,1682000,1682000,14500,,,0.0,0.7926361597582107,0.650330396475771,0.0010000000000000005,nan
nan,nan,nan,nan,0,0,1696500,14500,1696500,False,0,117,default,97737341c16f41d5838ecdcb0e66e3a0,2023-04-12_23-34-50,1681367690,0.44694948196411133,52.85771584510803,12512,DESKTOP-F4VQ8OS,127.0.0.1,52.85771584510803,1696500,117,[],[],463.016,31316.418,1696500,1696500,1696500,14500,8.4,83.6,0.0,0.793342935093699,0.6526554087710276,0.0010000000000000005,nan
nan,nan,nan,nan,0,0,1711000,14500,1711000,False,0,118,default,97737341c16f41d5838ecdcb0e66e3a0,2023-04-12_23-34-51,1681367691,0.4750027656555176,53.33271861076355,12512,DESKTOP-F4VQ8OS,127.0.0.1,53.33271861076355,1711000,118,[],[],464.511,31215.642,1711000,1711000,1711000,14500,8.9,83.6,0.0,0.7912101404257282,0.650827520744391,0.0010000000000000005,nan
nan,nan,nan,nan,0,0,1725500,14500,1725500,False,0,119,default,97737341c16f41d5838ecdcb0e66e3a0,2023-04-12_23-34-51,1681367691,0.4400649070739746,53.772783517837524,12512,DESKTOP-F4VQ8OS,127.0.0.1,53.772783517837524,1725500,119,[],[],464.623,31208.085,1725500,1725500,1725500,14500,,,0.0,0.7929248704784242,0.6527854259318717,0.0010000000000000005,nan
nan,nan,nan,nan,0,0,1740000,14500,1740000,False,0,120,default,97737341c16f41d5838ecdcb0e66e3a0,2023-04-12_23-34-52,1681367692,0.4390714168548584,54.21185493469238,12512,DESKTOP-F4VQ8OS,127.0.0.1,54.21185493469238,1740000,120,[],[],465.728,31134.035,1740000,1740000,1740000,14500,8.0,83.6,0.0,0.7895422052706916,0.6528236661188402,0.0010000000000000005,nan
nan,nan,nan,nan,0,0,1754500,14500,1754500,False,0,121,default,97737341c16f41d5838ecdcb0e66e3a0,2023-04-12_23-34-52,1681367692,0.44400763511657715,54.65586256980896,12512,DESKTOP-F4VQ8OS,127.0.0.1,54.65586256980896,1754500,121,[],[],462.275,31366.606,1754500,1754500,1754500,14500,,,0.0,0.7901326031936948,0.6478218307579141,0.0010000000000000005,nan
nan,nan,nan,nan,0,0,1769000,14500,1769000,False,0,122,default,97737341c16f41d5838ecdcb0e66e3a0,2023-04-12_23-34-53,1681367693,0.4549994468688965,55.110862016677856,12512,DESKTOP-F4VQ8OS,127.0.0.1,55.110862016677856,1769000,122,[],[],450.942,32154.915,1769000,1769000,1769000,14500,10.0,83.6,0.0,0.7901434281323975,0.651362885462555,0.0010000000000000005,nan
nan,nan,nan,nan,0,0,1783500,14500,1783500,False,0,123,default,97737341c16f41d5838ecdcb0e66e3a0,2023-04-12_23-34-53,1681367693,0.44207215309143066,55.55293416976929,12512,DESKTOP-F4VQ8OS,127.0.0.1,55.55293416976929,1783500,123,[],[],433.993,33410.693,1783500,1783500,1783500,14500,9.7,83.6,0.0,0.7881464866289484,0.6528389621936277,0.0010000000000000005,nan
nan,nan,nan,nan,0,0,1798000,14500,1798000,False,0,124,default,97737341c16f41d5838ecdcb0e66e3a0,2023-04-12_23-34-53,1681367693,0.44000744819641113,55.9929416179657,12512,DESKTOP-F4VQ8OS,127.0.0.1,55.9929416179657,1798000,124,[],[],418.122,34678.84,1798000,1798000,1798000,14500,,,0.0,0.7857127764676636,0.654177373989038,0.0010000000000000005,nan
nan,nan,nan,nan,0,0,1812500,14500,1812500,False,0,125,default,97737341c16f41d5838ecdcb0e66e3a0,2023-04-12_23-34-54,1681367694,0.42799997329711914,56.42094159126282,12512,DESKTOP-F4VQ8OS,127.0.0.1,56.42094159126282,1812500,125,[],[],411.915,35201.458,1812500,1812500,1812500,14500,8.3,83.6,0.0,0.7863476693892794,0.652104747978076,0.0010000000000000005,nan
nan,nan,nan,nan,0,0,1827000,14500,1827000,False,0,126,default,97737341c16f41d5838ecdcb0e66e3a0,2023-04-12_23-34-54,1681367694,0.4462099075317383,56.867151498794556,12512,DESKTOP-F4VQ8OS,127.0.0.1,56.867151498794556,1827000,126,[],[],410.037,35362.679,1827000,1827000,1827000,14500,9.9,83.6,0.0,0.7862063774978537,0.6525636317971519,0.0010000000000000005,nan
nan,nan,nan,nan,0,0,1841500,14500,1841500,False,0,127,default,97737341c16f41d5838ecdcb0e66e3a0,2023-04-12_23-34-55,1681367695,0.4549405574798584,57.322092056274414,12512,DESKTOP-F4VQ8OS,127.0.0.1,57.322092056274414,1841500,127,[],[],409.935,35371.443,1841500,1841500,1841500,14500,,,0.0,0.7881925967296315,0.6504604136366151,0.0010000000000000005,nan
nan,nan,nan,nan,0,0,1856000,14500,1856000,False,0,128,default,97737341c16f41d5838ecdcb0e66e3a0,2023-04-12_23-34-55,1681367695,0.4539928436279297,57.776084899902344,12512,DESKTOP-F4VQ8OS,127.0.0.1,57.776084899902344,1856000,128,[],[],407.941,35544.392,1856000,1856000,1856000,14500,8.3,83.6,0.0,0.7850398416036026,0.6509269457556602,0.0010000000000000005,nan
nan,nan,nan,nan,0,0,1870500,14500,1870500,False,0,129,default,97737341c16f41d5838ecdcb0e66e3a0,2023-04-12_23-34-56,1681367696,0.4459991455078125,58.222084045410156,12512,DESKTOP-F4VQ8OS,127.0.0.1,58.222084045410156,1870500,129,[],[],409.134,35440.69,1870500,1870500,1870500,14500,9.8,83.6,0.0,0.7836086269517302,0.6548351075680771,0.0010000000000000005,nan
nan,nan,nan,nan,0,0,1885000,14500,1885000,False,0,130,default,97737341c16f41d5838ecdcb0e66e3a0,2023-04-12_23-34-56,1681367696,0.4490623474121094,58.671146392822266,12512,DESKTOP-F4VQ8OS,127.0.0.1,58.671146392822266,1885000,130,[],[],409.835,35380.094,1885000,1885000,1885000,14500,,,0.0,0.7835115601312747,0.6502386197644708,0.0010000000000000005,nan
nan,nan,nan,nan,0,0,1899500,14500,1899500,False,0,131,default,97737341c16f41d5838ecdcb0e66e3a0,2023-04-12_23-34-57,1681367697,0.47200918197631836,59.143155574798584,12512,DESKTOP-F4VQ8OS,127.0.0.1,59.143155574798584,1899500,131,[],[],412.234,35174.218,1899500,1899500,1899500,14500,9.0,83.6,0.0,0.7833139975165481,0.6521276920902571,0.0010000000000000005,nan
nan,nan,nan,nan,0,0,1914000,14500,1914000,False,0,132,default,97737341c16f41d5838ecdcb0e66e3a0,2023-04-12_23-34-57,1681367697,0.4429311752319336,59.58608675003052,12512,DESKTOP-F4VQ8OS,127.0.0.1,59.58608675003052,1914000,132,[],[],410.826,35294.728,1914000,1914000,1914000,14500,,,0.0,0.782508368271563,0.6528389621936277,0.0010000000000000005,nan
nan,nan,nan,nan,0,0,1928500,14500,1928500,False,0,133,default,97737341c16f41d5838ecdcb0e66e3a0,2023-04-12_23-34-58,1681367698,0.47508978843688965,60.06117653846741,12512,DESKTOP-F4VQ8OS,127.0.0.1,60.06117653846741,1928500,133,[],[],410.027,35363.56,1928500,1928500,1928500,14500,7.8,83.6,0.0,0.7847333715875768,0.6500780101914763,0.0010000000000000005,nan
nan,nan,nan,nan,0,0,1943000,14500,1943000,False,0,134,default,97737341c16f41d5838ecdcb0e66e3a0,2023-04-12_23-34-58,1681367698,0.468001127243042,60.52917766571045,12512,DESKTOP-F4VQ8OS,127.0.0.1,60.52917766571045,1943000,134,[],[],412.827,35123.676,1943000,1943000,1943000,14500,8.0,83.6,0.0,0.7819632764429773,0.6490761136168425,0.0010000000000000005,nan
nan,nan,nan,nan,0,0,1957500,14500,1957500,False,0,135,default,97737341c16f41d5838ecdcb0e66e3a0,2023-04-12_23-34-59,1681367699,0.49405479431152344,61.02323246002197,12512,DESKTOP-F4VQ8OS,127.0.0.1,61.02323246002197,1957500,135,[],[],418.626,34637.099,1957500,1957500,1957500,14500,,,0.0,0.7813519436357305,0.650261563876652,0.0010000000000000005,nan
nan,nan,nan,nan,0,0,1972000,14500,1972000,False,0,136,default,97737341c16f41d5838ecdcb0e66e3a0,2023-04-12_23-34-59,1681367699,0.45506954193115234,61.478302001953125,12512,DESKTOP-F4VQ8OS,127.0.0.1,61.478302001953125,1972000,136,[],[],419.305,34581.063,1972000,1972000,1972000,14500,9.7,83.5,0.0,0.7822910171773465,0.6533207903874603,0.0010000000000000005,nan
nan,nan,nan,nan,0,0,1986500,14500,1986500,False,0,137,default,97737341c16f41d5838ecdcb0e66e3a0,2023-04-12_23-35-00,1681367700,0.46291160583496094,61.941213607788086,12512,DESKTOP-F4VQ8OS,127.0.0.1,61.941213607788086,1986500,137,[],[],421.706,34384.144,1986500,1986500,1986500,14500,9.6,83.6,0.0,0.7802492802888812,0.6529842756918348,0.0010000000000000005,nan
nan,nan,nan,nan,0,0,2001000,14500,2001000,False,0,138,default,97737341c16f41d5838ecdcb0e66e3a0,2023-04-12_23-35-00,1681367700,0.4360072612762451,62.37722086906433,12512,DESKTOP-F4VQ8OS,127.0.0.1,62.37722086906433,2001000,138,[],[],419.107,34597.377,2001000,2001000,2001000,14500,,,0.0,0.7810260091584159,0.6511716837399857,0.0010000000000000005,nan
nan,nan,nan,nan,0,0,2015500,14500,2015500,False,0,139,default,97737341c16f41d5838ecdcb0e66e3a0,2023-04-12_23-35-00,1681367700,0.46500134468078613,62.84222221374512,12512,DESKTOP-F4VQ8OS,127.0.0.1,62.84222221374512,2015500,139,[],[],420.805,34457.738,2015500,2015500,2015500,14500,9.4,83.6,0.0,0.7789146571957593,0.6535808247091487,0.0010000000000000005,nan
nan,nan,nan,nan,0,0,2030000,14500,2030000,False,0,140,default,97737341c16f41d5838ecdcb0e66e3a0,2023-04-12_23-35-01,1681367701,0.44506192207336426,63.28728413581848,12512,DESKTOP-F4VQ8OS,127.0.0.1,63.28728413581848,2030000,140,[],[],421.397,34409.35,2030000,2030000,2030000,14500,9.2,83.5,0.0,0.7798235033052083,0.6540626529029813,0.0010000000000000005,nan
nan,nan,nan,nan,0,0,2044500,14500,2044500,False,0,141,default,97737341c16f41d5838ecdcb0e66e3a0,2023-04-12_23-35-01,1681367701,0.46994900703430176,63.75723314285278,12512,DESKTOP-F4VQ8OS,127.0.0.1,63.75723314285278,2044500,141,[],[],421.199,34425.542,2044500,2044500,2044500,14500,,,0.0,0.7779503102344564,0.6542079661386129,0.0010000000000000005,nan
nan,nan,nan,nan,0,0,2059000,14500,2059000,False,0,142,default,97737341c16f41d5838ecdcb0e66e3a0,2023-04-12_23-35-02,1681367702,0.4430551528930664,64.20028829574585,12512,DESKTOP-F4VQ8OS,127.0.0.1,64.20028829574585,2059000,142,[],[],421.313,34416.2,2059000,2059000,2059000,14500,9.3,83.5,0.0,0.7791084040629181,0.6540626529029813,0.0010000000000000005,nan
nan,nan,nan,nan,0,0,2073500,14500,2073500,False,0,143,default,97737341c16f41d5838ecdcb0e66e3a0,2023-04-12_23-35-02,1681367702,0.4660072326660156,64.66629552841187,12512,DESKTOP-F4VQ8OS,127.0.0.1,64.66629552841187,2073500,143,[],[],424.013,34197.088,2073500,2073500,2073500,14500,10.1,83.6,0.0,0.7777270892643193,0.6540397087908001,0.0010000000000000005,nan
nan,nan,nan,nan,0,0,2088000,14500,2088000,False,0,144,default,97737341c16f41d5838ecdcb0e66e3a0,2023-04-12_23-35-03,1681367703,0.48006725311279297,65.14636278152466,12512,DESKTOP-F4VQ8OS,127.0.0.1,65.14636278152466,2088000,144,[],[],424.12,34188.451,2088000,2088000,2088000,14500,,,0.0,0.7788792462601011,0.6533131423500667,0.0010000000000000005,nan
nan,nan,nan,nan,0,0,2102500,14500,2102500,False,0,145,default,97737341c16f41d5838ecdcb0e66e3a0,2023-04-12_23-35-03,1681367703,0.44393181800842285,65.59029459953308,12512,DESKTOP-F4VQ8OS,127.0.0.1,65.59029459953308,2102500,145,[],[],420.115,34514.387,2102500,2102500,2102500,14500,9.4,83.6,0.0,0.7767094607395223,0.6534584555856982,0.0010000000000000005,nan
nan,nan,nan,nan,0,0,2117000,14500,2117000,False,0,146,default,97737341c16f41d5838ecdcb0e66e3a0,2023-04-12_23-35-04,1681367704,0.44700026512145996,66.03729486465454,12512,DESKTOP-F4VQ8OS,127.0.0.1,66.03729486465454,2117000,146,[],[],420.014,34522.647,2117000,2117000,2117000,14500,9.1,83.6,0.0,0.7751489315789176,0.6531525330396476,0.0010000000000000005,nan
nan,nan,nan,nan,0,0,2131500,14500,2131500,False,0,147,default,97737341c16f41d5838ecdcb0e66e3a0,2023-04-12_23-35-04,1681367704,0.47600746154785156,66.51330232620239,12512,DESKTOP-F4VQ8OS,127.0.0.1,66.51330232620239,2131500,147,[],[],421.513,34399.897,2131500,2131500,2131500,14500,,,0.0,0.7753755602542525,0.6582614414492368,0.0010000000000000005,nan
nan,nan,nan,nan,0,0,2146000,14500,2146000,False,0,148,default,97737341c16f41d5838ecdcb0e66e3a0,2023-04-12_23-35-05,1681367705,0.4440617561340332,66.95736408233643,12512,DESKTOP-F4VQ8OS,127.0.0.1,66.95736408233643,2146000,148,[],[],423.118,34269.389,2146000,2146000,2146000,14500,10.0,83.6,0.0,0.7757253000914788,0.6518982501807192,0.0010000000000000005,nan
nan,nan,nan,nan,0,0,2160500,14500,2160500,False,0,149,default,97737341c16f41d5838ecdcb0e66e3a0,2023-04-12_23-35-05,1681367705,0.4329249858856201,67.39028906822205,12512,DESKTOP-F4VQ8OS,127.0.0.1,67.39028906822205,2160500,149,[],[],419.319,34579.872,2160500,2160500,2160500,14500,9.2,83.6,0.0,0.7763862512710336,0.6536573053456614,0.0010000000000000005,nan
nan,nan,nan,nan,0,0,2175000,14500,2175000,False,0,150,default,97737341c16f41d5838ecdcb0e66e3a0,2023-04-12_23-35-05,1681367705,0.4469945430755615,67.83728361129761,12512,DESKTOP-F4VQ8OS,127.0.0.1,67.83728361129761,2175000,150,[],[],419.32,34579.781,2175000,2175000,2175000,14500,,,0.0,0.7739280244327327,0.6547739232689274,0.0010000000000000005,nan
nan,nan,nan,nan,0,0,2189500,14500,2189500,False,0,151,default,97737341c16f41d5838ecdcb0e66e3a0,2023-04-12_23-35-06,1681367706,0.4330010414123535,68.27028465270996,12512,DESKTOP-F4VQ8OS,127.0.0.1,68.27028465270996,2189500,151,[],[],416.113,34846.33,2189500,2189500,2189500,14500,10.6,83.5,0.0,0.7743478334685254,0.6524336148988833,0.0010000000000000005,nan
nan,nan,nan,nan,0,0,2204000,14500,2204000,False,0,152,default,97737341c16f41d5838ecdcb0e66e3a0,2023-04-12_23-35-06,1681367706,0.47800207138061523,68.74828672409058,12512,DESKTOP-F4VQ8OS,127.0.0.1,68.74828672409058,2204000,152,[],[],419.505,34564.538,2204000,2204000,2204000,14500,,,0.0,0.7729158879376719,0.6529460352422908,0.0010000000000000005,nan
nan,nan,nan,nan,0,0,2218500,14500,2218500,False,0,153,default,97737341c16f41d5838ecdcb0e66e3a0,2023-04-12_23-35-07,1681367707,0.4560847282409668,69.20437145233154,12512,DESKTOP-F4VQ8OS,127.0.0.1,69.20437145233154,2218500,153,[],[],418.899,34614.542,2218500,2218500,2218500,14500,10.4,83.5,0.0,0.7732716869677742,0.6547968673811085,0.0010000000000000005,nan
nan,nan,nan,nan,0,0,2233000,14500,2233000,False,0,154,default,97737341c16f41d5838ecdcb0e66e3a0,2023-04-12_23-35-07,1681367707,0.42194175720214844,69.62631320953369,12512,DESKTOP-F4VQ8OS,127.0.0.1,69.62631320953369,2233000,154,[],[],414.085,35016.981,2233000,2233000,2233000,14500,7.3,83.6,0.0,0.7718093111651585,0.6557222833192295,0.0010000000000000005,nan
nan,nan,nan,nan,0,0,2247500,14500,2247500,False,0,155,default,97737341c16f41d5838ecdcb0e66e3a0,2023-04-12_23-35-08,1681367708,0.43999242782592773,70.06630563735962,12512,DESKTOP-F4VQ8OS,127.0.0.1,70.06630563735962,2247500,155,[],[],413.69,35050.409,2247500,2247500,2247500,14500,,,0.0,0.7719215821589668,0.6558370044052864,0.0010000000000000005,nan
nan,nan,nan,nan,0,0,2262000,14500,2262000,False,0,156,default,97737341c16f41d5838ecdcb0e66e3a0,2023-04-12_23-35-08,1681367708,0.43993043899536133,70.50623607635498,12512,DESKTOP-F4VQ8OS,127.0.0.1,70.50623607635498,2262000,156,[],[],412.89,35118.282,2262000,2262000,2262000,14500,7.4,83.6,0.0,0.7714735771065767,0.6561888154382748,0.0010000000000000005,nan
nan,nan,nan,nan,0,0,2276500,14500,2276500,False,0,157,default,97737341c16f41d5838ecdcb0e66e3a0,2023-04-12_23-35-09,1681367709,0.45899438858032227,70.9652304649353,12512,DESKTOP-F4VQ8OS,127.0.0.1,70.9652304649353,2276500,157,[],[],410.291,35340.801,2276500,2276500,2276500,14500,9.3,83.6,0.0,0.7695312163903325,0.6544374083107264,0.0010000000000000005,nan
nan,nan,nan,nan,0,0,2291000,14500,2291000,False,0,158,default,97737341c16f41d5838ecdcb0e66e3a0,2023-04-12_23-35-09,1681367709,0.4379918575286865,71.40322232246399,12512,DESKTOP-F4VQ8OS,127.0.0.1,71.40322232246399,2291000,158,[],[],409.785,35384.451,2291000,2291000,2291000,14500,,,0.0,0.7713107852683718,0.6541850220264317,0.0010000000000000005,nan
nan,nan,nan,nan,0,0,2305500,14500,2305500,False,0,159,default,97737341c16f41d5838ecdcb0e66e3a0,2023-04-12_23-35-10,1681367710,0.4900023937225342,71.89322471618652,12512,DESKTOP-F4VQ8OS,127.0.0.1,71.89322471618652,2305500,159,[],[],416.084,34848.758,2305500,2305500,2305500,14500,9.6,83.6,0.0,0.7708331199469546,0.6569612701033706,0.0010000000000000005,nan
nan,nan,nan,nan,0,0,2320000,14500,2320000,False,0,160,default,97737341c16f41d5838ecdcb0e66e3a0,2023-04-12_23-35-10,1681367710,0.47008442878723145,72.36330914497375,12512,DESKTOP-F4VQ8OS,127.0.0.1,72.36330914497375,2320000,160,[],[],418.785,34624.005,2320000,2320000,2320000,14500,8.5,83.6,0.0,0.7701916928333333,0.6557834678809549,0.0010000000000000005,nan
nan,nan,nan,nan,0,0,2334500,14500,2334500,False,0,161,default,97737341c16f41d5838ecdcb0e66e3a0,2023-04-12_23-35-11,1681367711,0.47792887687683105,72.84123802185059,12512,DESKTOP-F4VQ8OS,127.0.0.1,72.84123802185059,2334500,161,[],[],423.092,34271.54,2334500,2334500,2334500,14500,,,0.0,0.7713429730894282,0.6541391335394939,0.0010000000000000005,nan
nan,nan,nan,nan,0,0,2349000,14500,2349000,False,0,162,default,97737341c16f41d5838ecdcb0e66e3a0,2023-04-12_23-35-11,1681367711,0.46006011962890625,73.30129814147949,12512,DESKTOP-F4VQ8OS,127.0.0.1,73.30129814147949,2349000,162,[],[],421.798,34376.611,2349000,2349000,2349000,14500,8.0,83.6,0.0,0.7680341984732035,0.6523341898876139,0.0010000000000000005,nan
nan,nan,nan,nan,0,0,2363500,14500,2363500,False,0,163,default,97737341c16f41d5838ecdcb0e66e3a0,2023-04-12_23-35-11,1681367711,0.44399261474609375,73.74529075622559,12512,DESKTOP-F4VQ8OS,127.0.0.1,73.74529075622559,2363500,163,[],[],420.503,34482.507,2363500,2363500,2363500,14500,9.5,83.6,0.0,0.7696408290694988,0.6563111845617252,0.0010000000000000005,nan
nan,nan,nan,nan,0,0,2378000,14500,2378000,False,0,164,default,97737341c16f41d5838ecdcb0e66e3a0,2023-04-12_23-35-12,1681367712,0.42800116539001465,74.1732919216156,12512,DESKTOP-F4VQ8OS,127.0.0.1,74.1732919216156,2378000,164,[],[],421.009,34441.107,2378000,2378000,2378000,14500,,,0.0,0.766099617607268,0.6568389012424957,0.0010000000000000005,nan
nan,nan,nan,nan,0,0,2392500,14500,2392500,False,0,165,default,97737341c16f41d5838ecdcb0e66e3a0,2023-04-12_23-35-12,1681367712,0.4390079975128174,74.61229991912842,12512,DESKTOP-F4VQ8OS,127.0.0.1,74.61229991912842,2392500,165,[],[],420.81,34457.346,2392500,2392500,2392500,14500,9.7,83.6,0.0,0.7694237381876303,0.6548580519428338,0.0010000000000000005,nan
nan,nan,nan,nan,0,0,2407000,14500,2407000,False,0,166,default,97737341c16f41d5838ecdcb0e66e3a0,2023-04-12_23-35-13,1681367713,0.43599963188171387,75.04829955101013,12512,DESKTOP-F4VQ8OS,127.0.0.1,75.04829955101013,2407000,166,[],[],420.91,34449.17,2407000,2407000,2407000,14500,8.9,83.5,0.0,0.7671794739063615,0.6558064122557115,0.0010000000000000005,nan
nan,nan,nan,nan,0,0,2421500,14500,2421500,False,0,167,default,97737341c16f41d5838ecdcb0e66e3a0,2023-04-12_23-35-13,1681367713,0.4690067768096924,75.51730632781982,12512,DESKTOP-F4VQ8OS,127.0.0.1,75.51730632781982,2421500,167,[],[],423.011,34278.071,2421500,2421500,2421500,14500,,,0.0,0.7672107870883353,0.6520359153789571,0.0010000000000000005,nan
nan,nan,nan,nan,0,0,2436000,14500,2436000,False,0,168,default,97737341c16f41d5838ecdcb0e66e3a0,2023-04-12_23-35-14,1681367714,0.4475700855255127,75.96487641334534,12512,DESKTOP-F4VQ8OS,127.0.0.1,75.96487641334534,2436000,168,[],[],423.068,34273.429,2436000,2436000,2436000,14500,8.7,83.6,0.0,0.7663895272473407,0.6575042828589284,0.0010000000000000005,nan
nan,nan,nan,nan,0,0,2450500,14500,2450500,False,0,169,default,97737341c16f41d5838ecdcb0e66e3a0,2023-04-12_23-35-14,1681367714,0.4514477252960205,76.41632413864136,12512,DESKTOP-F4VQ8OS,127.0.0.1,76.41632413864136,2450500,169,[],[],419.422,34571.423,2450500,2450500,2450500,14500,,,0.0,0.7636979290567306,0.6565023862842946,0.0010000000000000005,nan
nan,nan,nan,nan,0,0,2465000,14500,2465000,False,0,170,default,97737341c16f41d5838ecdcb0e66e3a0,2023-04-12_23-35-15,1681367715,0.44499897956848145,76.86132311820984,12512,DESKTOP-F4VQ8OS,127.0.0.1,76.86132311820984,2465000,170,[],[],416.821,34787.095,2465000,2465000,2465000,14500,10.2,83.6,0.0,0.7683896690213208,0.6536267131960865,0.0010000000000000005,nan
nan,nan,nan,nan,0,0,2479500,14500,2479500,False,0,171,default,97737341c16f41d5838ecdcb0e66e3a0,2023-04-12_23-35-15,1681367715,0.4430112838745117,77.30433440208435,12512,DESKTOP-F4VQ8OS,127.0.0.1,77.30433440208435,2479500,171,[],[],413.122,35098.614,2479500,2479500,2479500,14500,9.0,83.6,0.0,0.7637296040677815,0.6567394762312263,0.0010000000000000005,nan
nan,nan,nan,nan,0,0,2494000,14500,2494000,False,0,172,default,97737341c16f41d5838ecdcb0e66e3a0,2023-04-12_23-35-16,1681367716,0.45800137519836426,77.76233577728271,12512,DESKTOP-F4VQ8OS,127.0.0.1,77.76233577728271,2494000,172,[],[],413.116,35099.078,2494000,2494000,2494000,14500,,,0.0,0.7656551835820539,0.6572901370241778,0.0010000000000000005,nan
nan,nan,nan,nan,0,0,2508500,14500,2508500,False,0,173,default,97737341c16f41d5838ecdcb0e66e3a0,2023-04-12_23-35-16,1681367716,0.4439997673034668,78.20633554458618,12512,DESKTOP-F4VQ8OS,127.0.0.1,78.20633554458618,2508500,173,[],[],413.812,35040.067,2508500,2508500,2508500,14500,9.5,83.6,0.0,0.7631654450546802,0.6571524718259399,0.0010000000000000005,nan
nan,nan,nan,nan,0,0,2523000,14500,2523000,False,0,174,default,97737341c16f41d5838ecdcb0e66e3a0,2023-04-12_23-35-16,1681367716,0.4550001621246338,78.66133570671082,12512,DESKTOP-F4VQ8OS,127.0.0.1,78.66133570671082,2523000,174,[],[],416.712,34796.177,2523000,2523000,2523000,14500,8.6,83.6,0.0,0.7621523173370025,0.6585291238083189,0.0010000000000000005,nan
nan,nan,nan,nan,0,0,2537500,14500,2537500,False,0,175,default,97737341c16f41d5838ecdcb0e66e3a0,2023-04-12_23-35-17,1681367717,0.4499993324279785,79.1113350391388,12512,DESKTOP-F4VQ8OS,127.0.0.1,79.1113350391388,2537500,175,[],[],417.812,34704.642,2537500,2537500,2537500,14500,,,0.0,0.7644791928682033,0.6569306779537957,0.0010000000000000005,nan
nan,nan,nan,nan,0,0,2552000,14500,2552000,False,0,176,default,97737341c16f41d5838ecdcb0e66e3a0,2023-04-12_23-35-17,1681367717,0.43099164962768555,79.54232668876648,12512,DESKTOP-F4VQ8OS,127.0.0.1,79.54232668876648,2552000,176,[],[],416.804,34788.508,2552000,2552000,2552000,14500,8.1,83.5,0.0,0.7612220001640824,0.656517682359082,0.0010000000000000005,nan
nan,nan,nan,nan,0,0,2566500,14500,2566500,False,0,177,default,97737341c16f41d5838ecdcb0e66e3a0,2023-04-12_23-35-18,1681367718,0.45099449157714844,79.99332118034363,12512,DESKTOP-F4VQ8OS,127.0.0.1,79.99332118034363,2566500,177,[],[],414.104,35015.386,2566500,2566500,2566500,14500,9.6,83.5,0.0,0.7617742865621255,0.6567777166807705,0.0010000000000000005,nan
nan,nan,nan,nan,0,0,2581000,14500,2581000,False,0,178,default,97737341c16f41d5838ecdcb0e66e3a0,2023-04-12_23-35-18,1681367718,0.46553516387939453,80.45885634422302,12512,DESKTOP-F4VQ8OS,127.0.0.1,80.45885634422302,2581000,178,[],[],415.998,34855.9,2581000,2581000,2581000,14500,,,0.0,0.763104326661988,0.6569077338416146,0.0010000000000000005,nan
nan,nan,nan,nan,0,0,2595500,14500,2595500,False,0,179,default,97737341c16f41d5838ecdcb0e66e3a0,2023-04-12_23-35-19,1681367719,0.46108031272888184,80.9199366569519,12512,DESKTOP-F4VQ8OS,127.0.0.1,80.9199366569519,2595500,179,[],[],415.552,34893.305,2595500,2595500,2595500,14500,9.0,83.5,0.0,0.7621286973554132,0.6588809348413073,0.0010000000000000005,nan
nan,nan,nan,nan,0,0,2610000,14500,2610000,False,0,180,default,97737341c16f41d5838ecdcb0e66e3a0,2023-04-12_23-35-19,1681367719,0.4400520324707031,81.35998868942261,12512,DESKTOP-F4VQ8OS,127.0.0.1,81.35998868942261,2610000,180,[],[],414.959,34943.241,2610000,2610000,2610000,14500,10.0,83.6,0.0,0.7607372208838946,0.660005200801967,0.0010000000000000005,nan
nan,nan,nan,nan,0,0,2624500,14500,2624500,False,0,181,default,97737341c16f41d5838ecdcb0e66e3a0,2023-04-12_23-35-20,1681367720,0.4630560874938965,81.8230447769165,12512,DESKTOP-F4VQ8OS,127.0.0.1,81.8230447769165,2624500,181,[],[],416.866,34783.32,2624500,2624500,2624500,14500,,,0.0,0.7624373435974121,0.6602040502993546,0.0010000000000000005,nan
nan,nan,nan,nan,0,0,2639000,14500,2639000,False,0,182,default,97737341c16f41d5838ecdcb0e66e3a0,2023-04-12_23-35-20,1681367720,0.4662051200866699,82.28924989700317,12512,DESKTOP-F4VQ8OS,127.0.0.1,82.28924989700317,2639000,182,[],[],417.595,34722.614,2639000,2639000,2639000,14500,7.8,83.6,0.0,0.7593075281197804,0.658903879216064,0.0010000000000000005,nan
nan,nan,nan,nan,0,0,2653500,14500,2653500,False,0,183,default,97737341c16f41d5838ecdcb0e66e3a0,2023-04-12_23-35-21,1681367721,0.43599987030029297,82.72524976730347,12512,DESKTOP-F4VQ8OS,127.0.0.1,82.72524976730347,2653500,183,[],[],416.595,34805.968,2653500,2653500,2653500,14500,9.4,83.2,0.0,0.7626074082525817,0.6565329784338695,0.0010000000000000005,nan
nan,nan,nan,nan,0,0,2668000,14500,2668000,False,0,184,default,97737341c16f41d5838ecdcb0e66e3a0,2023-04-12_23-35-21,1681367721,0.4650144577026367,83.1902642250061,12512,DESKTOP-F4VQ8OS,127.0.0.1,83.1902642250061,2668000,184,[],[],417.497,34730.809,2668000,2668000,2668000,14500,,,0.0,0.7588784820707885,0.659668685843766,0.0010000000000000005,nan
nan,nan,nan,nan,0,0,2682500,14500,2682500,False,0,185,default,97737341c16f41d5838ecdcb0e66e3a0,2023-04-12_23-35-22,1681367722,0.464993953704834,83.65525817871094,12512,DESKTOP-F4VQ8OS,127.0.0.1,83.65525817871094,2682500,185,[],[],418.996,34606.534,2682500,2682500,2682500,14500,10.8,82.9,0.0,0.7619778752852117,0.6584526431718062,0.0010000000000000005,nan
nan,nan,nan,nan,0,0,2697000,14500,2697000,False,0,186,default,97737341c16f41d5838ecdcb0e66e3a0,2023-04-12_23-35-22,1681367722,0.45099854469299316,84.10625672340393,12512,DESKTOP-F4VQ8OS,127.0.0.1,84.10625672340393,2697000,186,[],[],420.804,34457.877,2697000,2697000,2697000,14500,10.7,82.7,0.0,0.7590862583483894,0.6608311919913943,0.0010000000000000005,nan
nan,nan,nan,nan,0,0,2711500,14500,2711500,False,0,187,default,97737341c16f41d5838ecdcb0e66e3a0,2023-04-12_23-35-22,1681367722,0.450000524520874,84.5562572479248,12512,DESKTOP-F4VQ8OS,127.0.0.1,84.5562572479248,2711500,187,[],[],421.705,34384.239,2711500,2711500,2711500,14500,,,0.0,0.7592109793608409,0.6591027287134515,0.0010000000000000005,nan
nan,nan,nan,nan,0,0,2726000,14500,2726000,False,0,188,default,97737341c16f41d5838ecdcb0e66e3a0,2023-04-12_23-35-23,1681367723,0.45999956130981445,85.01625680923462,12512,DESKTOP-F4VQ8OS,127.0.0.1,85.01625680923462,2726000,188,[],[],421.053,34437.489,2726000,2726000,2726000,14500,11.0,82.7,0.0,0.7596103583138419,0.658766214017826,0.0010000000000000005,nan
nan,nan,nan,nan,0,0,2740500,14500,2740500,False,0,189,default,97737341c16f41d5838ecdcb0e66e3a0,2023-04-12_23-35-23,1681367723,0.4519994258880615,85.46825623512268,12512,DESKTOP-F4VQ8OS,127.0.0.1,85.46825623512268,2740500,189,[],[],421.546,34397.197,2740500,2740500,2740500,14500,,,0.0,0.758808585253056,0.6595080762707715,0.0010000000000000005,nan
nan,nan,nan,nan,0,0,2755000,14500,2755000,False,0,190,default,97737341c16f41d5838ecdcb0e66e3a0,2023-04-12_23-35-24,1681367724,0.4510064125061035,85.91926264762878,12512,DESKTOP-F4VQ8OS,127.0.0.1,85.91926264762878,2755000,190,[],[],421.44,34405.813,2755000,2755000,2755000,14500,9.4,82.7,0.0,0.7572780327649894,0.6603417154975925,0.0010000000000000005,nan
nan,nan,nan,nan,0,0,2769500,14500,2769500,False,0,191,default,97737341c16f41d5838ecdcb0e66e3a0,2023-04-12_23-35-24,1681367724,0.4395296573638916,86.35879230499268,12512,DESKTOP-F4VQ8OS,127.0.0.1,86.35879230499268,2769500,191,[],[],419.584,34558.026,2769500,2769500,2769500,14500,8.2,82.7,0.0,0.7559406342485403,0.656815956867739,0.0010000000000000005,nan
nan,nan,nan,nan,0,0,2784000,14500,2784000,False,0,192,default,97737341c16f41d5838ecdcb0e66e3a0,2023-04-12_23-35-25,1681367725,0.4269993305206299,86.7857916355133,12512,DESKTOP-F4VQ8OS,127.0.0.1,86.7857916355133,2784000,192,[],[],415.755,34876.351,2784000,2784000,2784000,14500,,,0.0,0.7579101610288747,0.6620089942138101,0.0010000000000000005,nan
nan,nan,nan,nan,0,0,2798500,14500,2798500,False,0,193,default,97737341c16f41d5838ecdcb0e66e3a0,2023-04-12_23-35-25,1681367725,0.468017578125,87.2538092136383,12512,DESKTOP-F4VQ8OS,127.0.0.1,87.2538092136383,2798500,193,[],[],418.353,34659.716,2798500,2798500,2798500,14500,8.9,82.7,0.0,0.7576809722421453,0.6584755872839873,0.0010000000000000005,nan
nan,nan,nan,nan,0,0,2813000,14500,2813000,False,0,194,default,97737341c16f41d5838ecdcb0e66e3a0,2023-04-12_23-35-26,1681367726,0.44505858421325684,87.69886779785156,12512,DESKTOP-F4VQ8OS,127.0.0.1,87.69886779785156,2813000,194,[],[],416.557,34809.136,2813000,2813000,2813000,14500,11.3,82.8,0.0,0.7560095353798719,0.6624602299954923,0.0010000000000000005,nan
nan,nan,nan,nan,0,0,2827500,14500,2827500,False,0,195,default,97737341c16f41d5838ecdcb0e66e3a0,2023-04-12_23-35-26,1681367726,0.4369316101074219,88.13579940795898,12512,DESKTOP-F4VQ8OS,127.0.0.1,88.13579940795898,2827500,195,[],[],413.958,35027.704,2827500,2827500,2827500,14500,,,0.0,0.7563096555319127,0.658162016700543,0.0010000000000000005,nan
nan,nan,nan,nan,0,0,2842000,14500,2842000,False,0,196,default,97737341c16f41d5838ecdcb0e66e3a0,2023-04-12_23-35-27,1681367727,0.4540698528289795,88.58986926078796,12512,DESKTOP-F4VQ8OS,127.0.0.1,88.58986926078796,2842000,196,[],[],413.866,35035.479,2842000,2842000,2842000,14500,9.2,82.8,0.0,0.7566567966591419,0.6609306167400881,0.0010000000000000005,nan
nan,nan,nan,nan,0,0,2856500,14500,2856500,False,0,197,default,97737341c16f41d5838ecdcb0e66e3a0,2023-04-12_23-35-27,1681367727,0.4309971332550049,89.02086639404297,12512,DESKTOP-F4VQ8OS,127.0.0.1,89.02086639404297,2856500,197,[],[],411.871,35205.173,2856500,2856500,2856500,14500,9.3,82.9,0.0,0.7570713837241286,0.6595463167203155,0.0010000000000000005,nan
nan,nan,nan,nan,0,0,2871000,14500,2871000,False,0,198,default,97737341c16f41d5838ecdcb0e66e3a0,2023-04-12_23-35-27,1681367727,0.44893693923950195,89.46980333328247,12512,DESKTOP-F4VQ8OS,127.0.0.1,89.46980333328247,2871000,198,[],[],411.071,35273.676,2871000,2871000,2871000,14500,,,0.0,0.755793343031459,0.659668685843766,0.0010000000000000005,nan
nan,nan,nan,nan,0,0,2885500,14500,2885500,False,0,199,default,97737341c16f41d5838ecdcb0e66e3a0,2023-04-12_23-35-28,1681367728,0.4620077610015869,89.93181109428406,12512,DESKTOP-F4VQ8OS,127.0.0.1,89.93181109428406,2885500,199,[],[],411.372,35247.913,2885500,2885500,2885500,14500,8.9,82.8,0.0,0.7551731433112191,0.6621848995990165,0.0010000000000000005,nan
nan,nan,nan,nan,0,0,2900000,14500,2900000,False,0,200,default,97737341c16f41d5838ecdcb0e66e3a0,2023-04-12_23-35-28,1681367728,0.45006251335144043,90.3818736076355,12512,DESKTOP-F4VQ8OS,127.0.0.1,90.3818736076355,2900000,200,[],[],412.08,35187.383,2900000,2900000,2900000,14500,9.1,82.9,0.0,0.7546346828275841,0.6584449951344125,0.0010000000000000005,nan
